ticker,start_date,end_date,type
A,2000-06-05 00:00:00,2023-12-31 00:00:00,S
AABA,2000-01-03 00:00:00,2017-06-16 00:00:00,S
AAL,2015-03-23 00:00:00,2023-12-31 00:00:00,S
AAMRQ,2000-01-03 00:00:00,2003-03-10 00:00:00,S
AAP,2015-07-09 00:00:00,2023-06-20 00:00:00,S
AAPL,2000-01-03 00:00:00,2023-12-31 00:00:00,S
ABBV,2013-01-02 00:00:00,2023-12-31 00:00:00,S
ABC,2001-08-30 00:00:00,2023-08-25 00:00:00,S
ABI,2000-01-03 00:00:00,2008-11-20 00:00:00,S
ABKFQ,2000-12-11 00:00:00,2008-06-10 00:00:00,S
ABMD,2018-05-31 00:00:00,2022-12-19 00:00:00,S
ABNB,2023-09-18 00:00:00,2023-12-31 00:00:00,S
ABS,2000-01-03 00:00:00,2006-05-31 00:00:00,S
ABT,2000-01-03 00:00:00,2023-12-31 00:00:00,S
ABX,2000-01-03 00:00:00,2002-07-18 00:00:00,S
ACAS,2007-07-09 00:00:00,2009-03-02 00:00:00,S
ACGL,2022-11-01 00:00:00,2023-12-31 00:00:00,S
ACKH,2000-01-03 00:00:00,2000-11-08 00:00:00,S
ACN,2011-07-06 00:00:00,2023-12-31 00:00:00,S
ACS,2004-04-02 00:00:00,2010-02-02 00:00:00,S
ACV,2000-01-03 00:00:00,2006-11-16 00:00:00,S
ADBE,2000-01-03 00:00:00,2023-12-31 00:00:00,S
ADCT,2000-01-03 00:00:00,2007-06-26 00:00:00,S
ADI,2000-01-03 00:00:00,2023-12-31 00:00:00,S
ADM,2000-01-03 00:00:00,2023-12-31 00:00:00,S
ADP,2000-01-03 00:00:00,2023-12-31 00:00:00,S
ADS,2013-12-23 00:00:00,2020-05-22 00:00:00,S
ADSK,2000-01-03 00:00:00,2023-12-31 00:00:00,S
ADT,2012-10-02 00:00:00,2016-04-28 00:00:00,S
AEE,2000-01-03 00:00:00,2023-12-31 00:00:00,S
AEP,2000-01-03 00:00:00,2023-12-31 00:00:00,S
AES,2000-01-03 00:00:00,2023-12-31 00:00:00,S
AET,2000-01-03 00:00:00,2018-11-28 00:00:00,S
AFL,2000-01-03 00:00:00,2023-12-31 00:00:00,S
AFS.A,2000-01-03 00:00:00,2000-11-29 00:00:00,S
AGC,2000-01-03 00:00:00,2001-08-20 00:00:00,S
AGN,2000-01-03 00:00:00,2020-04-06 00:00:00,S
AIG,2000-01-03 00:00:00,2023-12-31 00:00:00,S
AIV,2003-03-14 00:00:00,2020-11-17 00:00:00,S
AIZ,2007-04-10 00:00:00,2023-12-31 00:00:00,S
AJG,2016-05-31 00:00:00,2023-12-31 00:00:00,S
AKAM,2007-07-12 00:00:00,2023-12-31 00:00:00,S
AKS,2008-07-01 00:00:00,2011-12-14 00:00:00,S
AL,2000-01-03 00:00:00,2002-07-18 00:00:00,S
ALB,2016-07-01 00:00:00,2023-12-31 00:00:00,S
ALGN,2017-06-19 00:00:00,2023-12-31 00:00:00,S
ALK,2016-05-13 00:00:00,2023-10-02 00:00:00,S
ALL,2000-01-03 00:00:00,2023-12-31 00:00:00,S
ALLE,2013-12-02 00:00:00,2023-12-31 00:00:00,S
ALTR,2000-04-18 00:00:00,2015-12-21 00:00:00,S
ALXN,2012-05-25 00:00:00,2021-06-04 00:00:00,S
AM,2000-01-03 00:00:00,2004-04-30 00:00:00,S
AMAT,2000-01-03 00:00:00,2023-12-31 00:00:00,S
AMCC,2001-01-02 00:00:00,2006-05-10 00:00:00,S
AMCR,2019-06-07 00:00:00,2023-12-31 00:00:00,S
AMD,2000-01-03 00:00:00,2023-12-31 00:00:00,S
AME,2013-09-23 00:00:00,2023-12-31 00:00:00,S
AMG,2014-07-01 00:00:00,2019-12-10 00:00:00,S
AMGN,2000-01-03 00:00:00,2023-12-31 00:00:00,S
AMP,2005-10-03 00:00:00,2023-12-31 00:00:00,S
AMT,2007-11-19 00:00:00,2023-12-31 00:00:00,S
AMZN,2005-11-21 00:00:00,2023-12-31 00:00:00,S
AN,2003-02-24 00:00:00,2017-08-07 00:00:00,S
ANDV,2007-09-27 00:00:00,2018-09-24 00:00:00,S
ANDW,2000-01-03 00:00:00,2006-09-28 00:00:00,S
ANET,2018-08-28 00:00:00,2023-12-31 00:00:00,S
ANF,2007-03-29 00:00:00,2013-12-18 00:00:00,S
ANRZQ,2011-06-02 00:00:00,2012-10-01 00:00:00,S
ANSS,2017-06-19 00:00:00,2023-12-31 00:00:00,S
ANTM,2002-07-25 00:00:00,2022-06-21 00:00:00,S
AON,2000-01-03 00:00:00,2023-12-31 00:00:00,S
AOS,2017-07-26 00:00:00,2023-12-31 00:00:00,S
APA,2000-01-03 00:00:00,2023-12-31 00:00:00,S
APC,2000-01-03 00:00:00,2019-08-08 00:00:00,S
APCC,2000-06-01 00:00:00,2007-02-14 00:00:00,S
APD,2000-01-03 00:00:00,2023-12-31 00:00:00,S
APH,2008-09-30 00:00:00,2023-12-31 00:00:00,S
APOL,2002-05-15 00:00:00,2013-06-27 00:00:00,S
APTV,2012-12-24 00:00:00,2023-12-31 00:00:00,S
ARC,2000-01-03 00:00:00,2000-04-10 00:00:00,S
ARE,2017-03-20 00:00:00,2023-12-31 00:00:00,S
ARG,2009-09-09 00:00:00,2016-05-20 00:00:00,S
ARNC,2000-01-03 00:00:00,2020-04-03 00:00:00,S
ASH,2000-01-03 00:00:00,2008-11-13 00:00:00,S
ASN,2004-12-20 00:00:00,2007-10-04 00:00:00,S
ASO,2000-01-03 00:00:00,2006-10-31 00:00:00,S
AT,2000-01-03 00:00:00,2007-11-16 00:00:00,S
ATGE,2009-06-09 00:00:00,2012-09-25 00:00:00,S
ATI,2000-01-03 00:00:00,2015-07-01 00:00:00,S
ATO,2019-02-15 00:00:00,2023-12-31 00:00:00,S
ATVI,2015-08-31 00:00:00,2023-10-02 00:00:00,S
AV,2000-10-02 00:00:00,2007-10-25 00:00:00,S
AVB,2007-01-10 00:00:00,2023-12-31 00:00:00,S
AVGO,2014-05-08 00:00:00,2023-12-31 00:00:00,S
AVP,2000-01-03 00:00:00,2015-03-19 00:00:00,S
AVY,2000-01-03 00:00:00,2023-12-31 00:00:00,S
AW,2000-01-03 00:00:00,2008-12-04 00:00:00,S
AWE,2001-07-09 00:00:00,2004-10-26 00:00:00,S
AWK,2016-03-04 00:00:00,2023-12-31 00:00:00,S
AXON,2023-05-04 00:00:00,2023-12-31 00:00:00,S
AXP,2000-01-03 00:00:00,2023-12-31 00:00:00,S
AYE,2000-12-11 00:00:00,2011-02-23 00:00:00,S
AYI,2016-05-03 00:00:00,2018-06-15 00:00:00,S
AZA.A,2000-01-03 00:00:00,2001-06-20 00:00:00,S
AZO,2000-01-03 00:00:00,2023-12-31 00:00:00,S
BA,2000-01-03 00:00:00,2023-12-31 00:00:00,S
BAC,2000-01-03 00:00:00,2023-12-31 00:00:00,S
BALL,2022-05-10 00:00:00,2023-12-31 00:00:00,S
BAX,2000-01-03 00:00:00,2023-12-31 00:00:00,S
BBBY,2000-01-03 00:00:00,2017-07-25 00:00:00,S
BBT,2000-01-03 00:00:00,2019-12-05 00:00:00,S
BBWI,2021-08-03 00:00:00,2023-12-31 00:00:00,S
BBY,2000-01-03 00:00:00,2023-12-31 00:00:00,S
BC,2000-01-03 00:00:00,2008-06-18 00:00:00,S
BCR,2000-01-03 00:00:00,2017-12-27 00:00:00,S
BDK,2000-01-03 00:00:00,2010-03-11 00:00:00,S
BDX,2000-01-03 00:00:00,2023-12-31 00:00:00,S
BEAM,2000-01-03 00:00:00,2014-04-22 00:00:00,S
BEN,2000-01-03 00:00:00,2023-12-31 00:00:00,S
BF.B,2000-01-03 00:00:00,2023-12-31 00:00:00,S
BFO,2000-01-03 00:00:00,2000-10-02 00:00:00,S
BG,2023-03-15 00:00:00,2023-12-31 00:00:00,S
BGEN,2000-01-31 00:00:00,2003-11-12 00:00:00,S
BGG,2000-01-03 00:00:00,2001-04-02 00:00:00,S
BHF,2017-08-07 00:00:00,2019-02-27 00:00:00,S
BHGE,2000-01-03 00:00:00,2019-10-03 00:00:00,S
BHMSQ,2000-01-03 00:00:00,2000-12-08 00:00:00,S
BIG,2000-01-03 00:00:00,2013-02-06 00:00:00,S
BIIB,2003-11-13 00:00:00,2023-12-31 00:00:00,S
BIO,2020-06-22 00:00:00,2023-12-31 00:00:00,S
BJS,2002-05-15 00:00:00,2010-04-21 00:00:00,S
BK,2000-01-03 00:00:00,2023-12-31 00:00:00,S
BKNG,2009-11-06 00:00:00,2023-12-31 00:00:00,S
BKR,2019-10-18 00:00:00,2023-12-31 00:00:00,S
BLDR,2023-10-18 00:00:00,2023-12-31 00:00:00,S
BLK,2011-04-04 00:00:00,2023-12-31 00:00:00,S
BLL,2000-01-03 00:00:00,2022-04-11 00:00:00,S
BLS,2000-01-03 00:00:00,2006-12-29 00:00:00,S
BMC,2000-01-03 00:00:00,2013-09-09 00:00:00,S
BMET,2000-01-03 00:00:00,2007-07-10 00:00:00,S
BMS,2000-01-03 00:00:00,2014-12-04 00:00:00,S
BMY,2000-01-03 00:00:00,2023-12-31 00:00:00,S
BNI,2000-01-03 00:00:00,2010-02-10 00:00:00,S
BOL,2000-01-03 00:00:00,2007-10-26 00:00:00,S
BR,2000-01-03 00:00:00,2023-12-31 00:00:00,S
BRCM,2000-07-03 00:00:00,2016-01-26 00:00:00,S
BRK.B,2010-02-16 00:00:00,2023-12-31 00:00:00,S
BRL,2006-02-27 00:00:00,2008-12-22 00:00:00,S
BRO,2021-09-20 00:00:00,2023-12-31 00:00:00,S
BSC,2000-01-03 00:00:00,2008-05-29 00:00:00,S
BSX,2000-01-03 00:00:00,2023-12-31 00:00:00,S
BTUUQ,2006-11-20 00:00:00,2014-09-19 00:00:00,S
BUD,2000-01-03 00:00:00,2008-11-17 00:00:00,S
BVSN,2000-11-06 00:00:00,2001-08-31 00:00:00,S
BWA,2011-12-19 00:00:00,2023-12-31 00:00:00,S
BX,2023-09-18 00:00:00,2023-12-31 00:00:00,S
BXLT,2015-07-01 00:00:00,2016-06-01 00:00:00,S
BXP,2006-04-03 00:00:00,2023-12-31 00:00:00,S
C,2000-01-03 00:00:00,2023-12-31 00:00:00,S
CA,2000-01-03 00:00:00,2018-10-31 00:00:00,S
CAG,2000-01-03 00:00:00,2023-12-31 00:00:00,S
CAH,2000-01-03 00:00:00,2023-12-31 00:00:00,S
CAM,2008-01-29 00:00:00,2016-03-31 00:00:00,S
CAR,2000-01-03 00:00:00,2006-07-31 00:00:00,S
CARR,2020-04-03 00:00:00,2023-12-31 00:00:00,S
CAT,2000-01-03 00:00:00,2023-12-31 00:00:00,S
CB,2000-01-03 00:00:00,2023-12-31 00:00:00,S
CBE,2000-01-03 00:00:00,2012-11-27 00:00:00,S
CBH,2006-06-06 00:00:00,2008-03-18 00:00:00,S
CBOE,2017-03-01 00:00:00,2023-12-31 00:00:00,S
CBRE,2006-11-10 00:00:00,2023-12-31 00:00:00,S
CBS,2000-01-03 00:00:00,2019-11-21 00:00:00,S
CBSS,2004-12-20 00:00:00,2007-09-04 00:00:00,S
CCE,2000-01-03 00:00:00,2016-05-24 00:00:00,S
CCEP,2016-01-04 00:00:00,2016-05-24 00:00:00,S
CCI,2012-03-13 00:00:00,2023-12-31 00:00:00,S
CCK,2000-01-03 00:00:00,2000-12-08 00:00:00,S
CCL,2000-01-03 00:00:00,2023-12-31 00:00:00,S
CCTYQ,2000-01-03 00:00:00,2008-03-18 00:00:00,S
CCU,2000-01-03 00:00:00,2008-07-29 00:00:00,S
CDAY,2021-09-20 00:00:00,2023-12-31 00:00:00,S
CDNS,2017-09-18 00:00:00,2023-12-31 00:00:00,S
CDW,2019-09-23 00:00:00,2023-12-31 00:00:00,S
CE,2001-04-02 00:00:00,2023-12-31 00:00:00,S
CEG,2000-01-03 00:00:00,2023-12-31 00:00:00,S
CELG,2006-11-06 00:00:00,2019-11-05 00:00:00,S
CEN,2000-01-03 00:00:00,2001-03-30 00:00:00,S
CEPH,2008-11-17 00:00:00,2011-10-11 00:00:00,S
CERN,2010-04-30 00:00:00,2022-05-10 00:00:00,S
CF,2000-06-19 00:00:00,2023-12-31 00:00:00,S
CFC,2000-01-03 00:00:00,2008-06-30 00:00:00,S
CFG,2016-02-01 00:00:00,2023-12-31 00:00:00,S
CFN,2009-09-01 00:00:00,2015-03-13 00:00:00,S
CG,2000-01-03 00:00:00,2000-10-30 00:00:00,S
CGP,2000-01-03 00:00:00,2001-01-29 00:00:00,S
CHA,2000-01-03 00:00:00,2000-06-16 00:00:00,S
CHD,2015-12-29 00:00:00,2023-12-31 00:00:00,S
CHIR,2000-11-24 00:00:00,2006-04-19 00:00:00,S
CHK,2006-03-03 00:00:00,2018-03-16 00:00:00,S
CHRW,2007-03-02 00:00:00,2023-12-31 00:00:00,S
CHTR,2016-09-08 00:00:00,2023-12-31 00:00:00,S
CI,2000-01-03 00:00:00,2023-12-31 00:00:00,S
CIEN,2001-08-30 00:00:00,2009-12-17 00:00:00,S
CIN,2000-01-03 00:00:00,2006-03-30 00:00:00,S
CINF,2000-01-03 00:00:00,2023-12-31 00:00:00,S
CIT.A,2000-07-17 00:00:00,2001-05-31 00:00:00,S
CITGQ,2004-10-27 00:00:00,2009-07-17 00:00:00,S
CL,2000-01-03 00:00:00,2023-12-31 00:00:00,S
CLF,2009-12-21 00:00:00,2014-04-01 00:00:00,S
CLX,2000-01-03 00:00:00,2023-12-31 00:00:00,S
CMA,2000-01-03 00:00:00,2023-12-31 00:00:00,S
CMCSA,2000-01-03 00:00:00,2023-12-31 00:00:00,S
CMCSK,2015-09-21 00:00:00,2015-12-09 00:00:00,S
CME,2006-08-11 00:00:00,2023-12-31 00:00:00,S
CMG,2011-04-28 00:00:00,2023-12-31 00:00:00,S
CMI,2000-01-03 00:00:00,2023-12-31 00:00:00,S
CMS,2000-01-03 00:00:00,2023-12-31 00:00:00,S
CMVT,2000-01-03 00:00:00,2007-01-24 00:00:00,S
CMX,2004-03-25 00:00:00,2007-03-22 00:00:00,S
CNC,2000-01-03 00:00:00,2023-12-31 00:00:00,S
CNG,2000-01-03 00:00:00,2000-01-28 00:00:00,S
CNP,2000-01-03 00:00:00,2023-12-31 00:00:00,S
CNX,2006-06-28 00:00:00,2016-03-03 00:00:00,S
CNXT,2000-01-31 00:00:00,2002-06-19 00:00:00,S
COC.B,2000-01-03 00:00:00,2002-08-29 00:00:00,S
COF,2000-01-03 00:00:00,2023-12-31 00:00:00,S
COG,2008-06-23 00:00:00,2021-09-20 00:00:00,S
COL,2001-07-02 00:00:00,2018-11-15 00:00:00,S
COMS,2000-01-03 00:00:00,2000-07-27 00:00:00,S
COO,2016-09-23 00:00:00,2023-12-31 00:00:00,S
COP,2000-01-03 00:00:00,2023-12-31 00:00:00,S
COR,2023-08-30 00:00:00,2023-12-31 00:00:00,S
COST,2000-01-03 00:00:00,2023-12-31 00:00:00,S
COTY,2016-10-03 00:00:00,2020-09-18 00:00:00,S
COV,2007-07-02 00:00:00,2015-01-15 00:00:00,S
CPB,2000-01-03 00:00:00,2023-12-31 00:00:00,S
CPGX,2015-07-02 00:00:00,2016-06-27 00:00:00,S
CPNLQ,2000-12-01 00:00:00,2005-11-28 00:00:00,S
CPQ,2000-01-03 00:00:00,2002-05-01 00:00:00,S
CPRI,2016-01-04 00:00:00,2020-04-06 00:00:00,S
CPRT,2018-07-02 00:00:00,2023-12-31 00:00:00,S
CPT,2022-04-04 00:00:00,2023-12-31 00:00:00,S
CPWR,2000-01-03 00:00:00,2011-12-30 00:00:00,S
CR,2000-01-03 00:00:00,2004-12-16 00:00:00,S
CRL,2021-05-14 00:00:00,2023-12-31 00:00:00,S
CRM,2008-09-15 00:00:00,2023-12-31 00:00:00,S
CSCO,2000-01-03 00:00:00,2023-12-31 00:00:00,S
CSGP,2022-09-19 00:00:00,2023-12-31 00:00:00,S
CSR,2000-01-03 00:00:00,2000-06-15 00:00:00,S
CSRA,2015-11-30 00:00:00,2018-04-02 00:00:00,S
CSX,2000-01-03 00:00:00,2023-12-31 00:00:00,S
CTAS,2001-03-01 00:00:00,2023-12-31 00:00:00,S
CTB,2000-01-03 00:00:00,2006-07-11 00:00:00,S
CTL,2000-01-03 00:00:00,2020-06-22 00:00:00,S
CTLT,2020-09-21 00:00:00,2023-12-31 00:00:00,S
CTRA,2021-10-04 00:00:00,2023-12-31 00:00:00,S
CTSH,2006-11-17 00:00:00,2023-12-31 00:00:00,S
CTVA,2019-06-03 00:00:00,2023-12-31 00:00:00,S
CTX,2000-01-03 00:00:00,2009-08-18 00:00:00,S
CTXS,2000-01-03 00:00:00,2022-09-19 00:00:00,S
CVC,2010-12-20 00:00:00,2016-06-20 00:00:00,S
CVG,2000-06-13 00:00:00,2009-12-17 00:00:00,S
CVH,2005-08-30 00:00:00,2013-05-02 00:00:00,S
CVS,2000-01-03 00:00:00,2023-12-31 00:00:00,S
CVX,2000-01-03 00:00:00,2023-12-31 00:00:00,S
CXO,2016-02-22 00:00:00,2021-01-07 00:00:00,S
CZR,2021-03-22 00:00:00,2023-12-31 00:00:00,S
D,2000-01-03 00:00:00,2023-12-31 00:00:00,S
DAL,2013-09-11 00:00:00,2023-12-31 00:00:00,S
DALRQ,2000-01-03 00:00:00,2005-08-18 00:00:00,S
DCNAQ,2000-01-03 00:00:00,2006-03-02 00:00:00,S
DD,2000-01-03 00:00:00,2023-12-31 00:00:00,S
DDR,2007-03-23 00:00:00,2009-03-27 00:00:00,S
DDS,2000-01-03 00:00:00,2008-10-16 00:00:00,S
DE,2000-01-03 00:00:00,2023-12-31 00:00:00,S
DELL,2000-01-03 00:00:00,2013-10-18 00:00:00,S
DF,2006-04-03 00:00:00,2013-05-17 00:00:00,S
DFS,2007-07-02 00:00:00,2023-12-31 00:00:00,S
DG,2000-01-03 00:00:00,2023-12-31 00:00:00,S
DGX,2002-12-12 00:00:00,2023-12-31 00:00:00,S
DHI,2005-07-05 00:00:00,2023-12-31 00:00:00,S
DHR,2000-01-03 00:00:00,2023-12-31 00:00:00,S
DIS,2000-01-03 00:00:00,2023-12-31 00:00:00,S
DISCA,2010-03-01 00:00:00,2022-04-04 00:00:00,S
DISCK,2014-08-07 00:00:00,2022-04-04 00:00:00,S
DISH,2017-03-13 00:00:00,2023-06-10 00:00:00,S
DJ,2000-01-03 00:00:00,2007-12-12 00:00:00,S
DLR,2016-05-18 00:00:00,2023-12-31 00:00:00,S
DLTR,2011-12-19 00:00:00,2023-12-31 00:00:00,S
DLX,2000-01-03 00:00:00,2004-12-16 00:00:00,S
DNB,2008-12-02 00:00:00,2017-04-04 00:00:00,S
DNR,2009-04-02 00:00:00,2015-03-19 00:00:00,S
DO,2009-02-26 00:00:00,2016-09-28 00:00:00,S
DOV,2000-01-03 00:00:00,2023-12-31 00:00:00,S
DOW,2000-01-03 00:00:00,2023-12-31 00:00:00,S
DPHIQ,2000-01-03 00:00:00,2005-10-10 00:00:00,S
DPZ,2020-05-12 00:00:00,2023-12-31 00:00:00,S
DRE,2017-07-26 00:00:00,2022-09-19 00:00:00,S
DRI,2000-01-03 00:00:00,2023-12-31 00:00:00,S
DTE,2000-01-03 00:00:00,2023-12-31 00:00:00,S
DTV,2006-12-04 00:00:00,2015-07-23 00:00:00,S
DUK,2000-01-03 00:00:00,2023-12-31 00:00:00,S
DVA,2008-07-31 00:00:00,2023-12-31 00:00:00,S
DVN,2000-08-30 00:00:00,2023-12-31 00:00:00,S
DWDP,2017-09-01 00:00:00,2019-06-01 00:00:00,S
DXC,2000-01-03 00:00:00,2023-09-18 00:00:00,S
DXCM,2020-05-12 00:00:00,2023-12-31 00:00:00,S
DYN,2000-10-03 00:00:00,2009-12-17 00:00:00,S
EA,2002-07-22 00:00:00,2023-12-31 00:00:00,S
EBAY,2002-07-22 00:00:00,2023-12-31 00:00:00,S
EC,2000-01-03 00:00:00,2006-06-05 00:00:00,S
ECL,2000-01-03 00:00:00,2023-12-31 00:00:00,S
ED,2000-01-03 00:00:00,2023-12-31 00:00:00,S
EDS,2000-01-03 00:00:00,2008-08-25 00:00:00,S
EFU,2000-01-03 00:00:00,2000-10-30 00:00:00,S
EFX,2000-01-03 00:00:00,2023-12-31 00:00:00,S
EG,2023-06-10 00:00:00,2023-12-31 00:00:00,S
EHC,2000-01-03 00:00:00,2003-03-20 00:00:00,S
EIX,2000-01-03 00:00:00,2023-12-31 00:00:00,S
EKDKQ,2000-01-03 00:00:00,2010-12-17 00:00:00,S
EL,2006-01-05 00:00:00,2023-12-31 00:00:00,S
ELV,2022-06-28 00:00:00,2023-12-31 00:00:00,S
EMC,2000-01-03 00:00:00,2016-09-06 00:00:00,S
EMN,2000-01-03 00:00:00,2023-12-31 00:00:00,S
EMR,2000-01-03 00:00:00,2023-12-31 00:00:00,S
ENDP,2015-01-27 00:00:00,2017-03-01 00:00:00,S
ENPH,2021-01-07 00:00:00,2023-12-31 00:00:00,S
ENRNQ,2000-01-03 00:00:00,2001-11-26 00:00:00,S
EOG,2000-11-02 00:00:00,2023-12-31 00:00:00,S
EOP,2001-10-10 00:00:00,2007-02-09 00:00:00,S
EP,2000-01-03 00:00:00,2012-05-23 00:00:00,S
EPAM,2021-12-14 00:00:00,2023-12-31 00:00:00,S
EQ,2006-05-18 00:00:00,2009-06-30 00:00:00,S
EQIX,2015-03-23 00:00:00,2023-12-31 00:00:00,S
EQR,2001-12-03 00:00:00,2023-12-31 00:00:00,S
EQT,2008-12-19 00:00:00,2023-12-31 00:00:00,S
ES,2009-03-17 00:00:00,2023-12-31 00:00:00,S
ESRX,2003-09-26 00:00:00,2018-12-19 00:00:00,S
ESS,2014-04-02 00:00:00,2023-12-31 00:00:00,S
ESV,2007-01-04 00:00:00,2016-03-29 00:00:00,S
ETFC,2004-04-01 00:00:00,2020-09-21 00:00:00,S
ETN,2000-01-03 00:00:00,2023-12-31 00:00:00,S
ETR,2000-01-03 00:00:00,2023-12-31 00:00:00,S
ETS,2000-01-03 00:00:00,2001-08-03 00:00:00,S
ETSY,2020-09-21 00:00:00,2023-12-31 00:00:00,S
EVHC,2016-12-02 00:00:00,2018-10-10 00:00:00,S
EVRG,2018-06-05 00:00:00,2023-12-31 00:00:00,S
EW,2011-04-01 00:00:00,2023-12-31 00:00:00,S
EXC,2000-01-03 00:00:00,2023-12-31 00:00:00,S
EXPD,2007-10-10 00:00:00,2023-12-31 00:00:00,S
EXPE,2007-10-02 00:00:00,2023-12-31 00:00:00,S
EXR,2016-01-19 00:00:00,2023-12-31 00:00:00,S
F,2000-01-03 00:00:00,2023-12-31 00:00:00,S
FANG,2018-12-03 00:00:00,2023-12-31 00:00:00,S
FAST,2008-09-15 00:00:00,2023-12-31 00:00:00,S
FB,2013-12-23 00:00:00,2022-06-08 00:00:00,S
FBF,2000-01-03 00:00:00,2004-03-29 00:00:00,S
FBHS,2016-06-24 00:00:00,2022-11-08 00:00:00,S
FCPT,2015-11-10 00:00:00,2015-11-10 00:00:00,S
FCX,2000-01-03 00:00:00,2023-12-31 00:00:00,S
FDC,2000-01-03 00:00:00,2007-09-24 00:00:00,S
FDO,2001-08-06 00:00:00,2015-07-06 00:00:00,S
FDS,2021-12-20 00:00:00,2023-12-31 00:00:00,S
FDX,2000-01-03 00:00:00,2023-12-31 00:00:00,S
FE,2000-01-03 00:00:00,2023-12-31 00:00:00,S
FFIV,2010-12-20 00:00:00,2023-12-31 00:00:00,S
FHN,2002-05-06 00:00:00,2013-06-19 00:00:00,S
FI,2023-06-07 00:00:00,2023-12-31 00:00:00,S
FICO,2023-03-20 00:00:00,2023-12-31 00:00:00,S
FII,2003-04-16 00:00:00,2012-12-28 00:00:00,S
FIS,2006-11-10 00:00:00,2023-12-31 00:00:00,S
FISV,2001-04-02 00:00:00,2023-05-16 00:00:00,S
FITB,2000-01-03 00:00:00,2023-12-31 00:00:00,S
FJ,2000-01-03 00:00:00,2000-11-22 00:00:00,S
FL,2016-04-04 00:00:00,2019-08-08 00:00:00,S
FLIR,2009-01-02 00:00:00,2021-04-20 00:00:00,S
FLR,2000-12-22 00:00:00,2019-06-01 00:00:00,S
FLS,2008-10-02 00:00:00,2021-02-12 00:00:00,S
FLT,2018-06-20 00:00:00,2023-12-31 00:00:00,S
FLTWQ,2000-01-03 00:00:00,2000-01-28 00:00:00,S
FMC,2000-01-03 00:00:00,2023-12-31 00:00:00,S
FMCC,2000-01-03 00:00:00,2008-09-08 00:00:00,S
FNMA,2000-01-03 00:00:00,2008-09-08 00:00:00,S
FOSL,2012-04-04 00:00:00,2016-01-04 00:00:00,S
FOX,2015-09-21 00:00:00,2023-12-31 00:00:00,S
FOXA,2004-12-20 00:00:00,2023-12-31 00:00:00,S
FPC,2000-01-03 00:00:00,2000-11-29 00:00:00,S
FRC,2019-01-02 00:00:00,2023-03-20 00:00:00,S
FRT,2016-02-01 00:00:00,2023-12-31 00:00:00,S
FRX,2000-11-22 00:00:00,2014-06-24 00:00:00,S
FSH,2004-08-03 00:00:00,2006-11-07 00:00:00,S
FSL,2004-12-03 00:00:00,2006-12-01 00:00:00,S
FSLR,2009-10-16 00:00:00,2023-12-31 00:00:00,S
FTI,2009-06-05 00:00:00,2021-01-21 00:00:00,S
FTNT,2018-10-11 00:00:00,2023-12-31 00:00:00,S
FTR,2001-02-27 00:00:00,2017-03-17 00:00:00,S
FTV,2016-07-05 00:00:00,2023-12-31 00:00:00,S
FWLT,2000-01-03 00:00:00,2000-01-28 00:00:00,S
G,2000-01-03 00:00:00,2005-09-28 00:00:00,S
GAPTQ,2000-01-03 00:00:00,2000-08-25 00:00:00,S
GAS,2000-01-03 00:00:00,2016-06-27 00:00:00,S
GD,2000-01-03 00:00:00,2023-12-31 00:00:00,S
GDT,2000-01-03 00:00:00,2006-04-21 00:00:00,S
GDW,2000-01-03 00:00:00,2006-09-28 00:00:00,S
GE,2000-01-03 00:00:00,2023-12-31 00:00:00,S
GEHC,2023-01-04 00:00:00,2023-12-31 00:00:00,S
GEN,2022-11-08 00:00:00,2023-12-31 00:00:00,S
GENZ,2001-12-14 00:00:00,2011-04-01 00:00:00,S
GGP,2007-07-02 00:00:00,2018-08-20 00:00:00,S
GHC,2007-12-31 00:00:00,2014-09-19 00:00:00,S
GILD,2004-07-01 00:00:00,2023-12-31 00:00:00,S
GIS,2000-01-03 00:00:00,2023-12-31 00:00:00,S
GL,2019-08-08 00:00:00,2023-12-31 00:00:00,S
GLK,2000-01-03 00:00:00,2005-06-30 00:00:00,S
GLW,2000-01-03 00:00:00,2023-12-31 00:00:00,S
GM,2013-06-07 00:00:00,2023-12-31 00:00:00,S
GMCR,2014-03-24 00:00:00,2016-02-26 00:00:00,S
GME,2007-12-14 00:00:00,2016-04-20 00:00:00,S
GNRC,2021-03-22 00:00:00,2023-12-31 00:00:00,S
GNW,2005-12-02 00:00:00,2015-11-17 00:00:00,S
GOOG,2014-04-03 00:00:00,2023-12-31 00:00:00,S
GOOGL,2006-04-03 00:00:00,2023-12-31 00:00:00,S
GP,2000-01-03 00:00:00,2005-12-16 00:00:00,S
GPC,2000-01-03 00:00:00,2023-12-31 00:00:00,S
GPN,2016-04-25 00:00:00,2023-12-31 00:00:00,S
GPS,2000-01-03 00:00:00,2022-01-20 00:00:00,S
GPU,2000-01-03 00:00:00,2001-11-05 00:00:00,S
GR,2000-01-03 00:00:00,2012-07-26 00:00:00,S
GRA,2000-01-03 00:00:00,2000-12-08 00:00:00,S
GRMN,2012-12-12 00:00:00,2023-12-31 00:00:00,S
GS,2002-07-22 00:00:00,2023-12-31 00:00:00,S
GT,2000-01-03 00:00:00,2019-02-15 00:00:00,S
GTE,2000-01-03 00:00:00,2000-06-29 00:00:00,S
GTW,2000-01-03 00:00:00,2006-07-31 00:00:00,S
GWW,2000-01-03 00:00:00,2023-12-31 00:00:00,S
GX,2000-01-03 00:00:00,2001-10-04 00:00:00,S
H,2000-01-03 00:00:00,2007-04-05 00:00:00,S
HAL,2000-01-03 00:00:00,2023-12-31 00:00:00,S
HAR,2006-02-01 00:00:00,2017-03-10 00:00:00,S
HAS,2000-01-03 00:00:00,2023-12-31 00:00:00,S
HBAN,2000-01-03 00:00:00,2023-12-31 00:00:00,S
HBI,2015-03-23 00:00:00,2021-12-14 00:00:00,S
HCA,2000-01-03 00:00:00,2023-12-31 00:00:00,S
HCBK,2007-02-15 00:00:00,2015-10-28 00:00:00,S
HCP,2008-03-31 00:00:00,2019-10-18 00:00:00,S
HCR,2000-01-03 00:00:00,2007-11-05 00:00:00,S
HD,2000-01-03 00:00:00,2023-12-31 00:00:00,S
HES,2000-01-03 00:00:00,2023-12-31 00:00:00,S
HET,2000-01-03 00:00:00,2008-01-24 00:00:00,S
HFC,2018-06-18 00:00:00,2021-05-14 00:00:00,S
HI,2000-01-03 00:00:00,2003-03-28 00:00:00,S
HIG,2000-01-03 00:00:00,2023-12-31 00:00:00,S
HII,2018-01-03 00:00:00,2023-12-31 00:00:00,S
HLT,2000-01-03 00:00:00,2023-12-31 00:00:00,S
HM,2000-01-03 00:00:00,2001-12-14 00:00:00,S
HMA,2001-11-07 00:00:00,2007-02-26 00:00:00,S
HNZ,2000-01-03 00:00:00,2013-06-06 00:00:00,S
HOG,2000-01-31 00:00:00,2020-05-22 00:00:00,S
HOLX,2016-03-30 00:00:00,2023-12-31 00:00:00,S
HON,2000-01-03 00:00:00,2023-12-31 00:00:00,S
HOT,2000-11-17 00:00:00,2016-09-16 00:00:00,S
HP,2010-03-01 00:00:00,2020-05-12 00:00:00,S
HPC,2000-01-03 00:00:00,2008-11-13 00:00:00,S
HPE,2015-11-02 00:00:00,2023-12-31 00:00:00,S
HPQ,2000-01-03 00:00:00,2023-12-31 00:00:00,S
HRB,2000-01-03 00:00:00,2020-09-18 00:00:00,S
HRL,2009-03-04 00:00:00,2023-12-31 00:00:00,S
HRS,2008-09-22 00:00:00,2019-04-02 00:00:00,S
HSH,2000-01-03 00:00:00,2012-06-25 00:00:00,S
HSIC,2015-03-18 00:00:00,2023-12-31 00:00:00,S
HSP,2004-05-03 00:00:00,2015-09-01 00:00:00,S
HST,2007-03-20 00:00:00,2023-12-31 00:00:00,S
HSY,2000-01-03 00:00:00,2023-12-31 00:00:00,S
HUBB,2023-10-18 00:00:00,2023-12-31 00:00:00,S
HUM,2000-01-03 00:00:00,2023-12-31 00:00:00,S
HWM,2020-04-06 00:00:00,2023-12-31 00:00:00,S
IAC,2006-12-01 00:00:00,2008-08-18 00:00:00,S
IBM,2000-01-03 00:00:00,2023-12-31 00:00:00,S
ICE,2007-09-26 00:00:00,2023-12-31 00:00:00,S
IDXX,2017-01-05 00:00:00,2023-12-31 00:00:00,S
IEX,2019-08-09 00:00:00,2023-12-31 00:00:00,S
IFF,2000-01-03 00:00:00,2023-12-31 00:00:00,S
IGT,2001-09-04 00:00:00,2014-06-19 00:00:00,S
IKN,2000-01-03 00:00:00,2000-06-27 00:00:00,S
ILMN,2015-11-19 00:00:00,2023-12-31 00:00:00,S
IMNX,2001-09-21 00:00:00,2002-07-10 00:00:00,S
INCLF,2000-01-03 00:00:00,2002-07-18 00:00:00,S
INCY,2017-02-28 00:00:00,2023-12-31 00:00:00,S
INFO,2017-06-02 00:00:00,2022-02-17 00:00:00,S
INTC,2000-01-03 00:00:00,2023-12-31 00:00:00,S
INTU,2000-12-11 00:00:00,2023-12-31 00:00:00,S
INVH,2022-09-19 00:00:00,2023-12-31 00:00:00,S
IP,2000-01-03 00:00:00,2023-12-31 00:00:00,S
IPG,2000-01-03 00:00:00,2023-12-31 00:00:00,S
IPGP,2018-03-07 00:00:00,2022-06-09 00:00:00,S
IQV,2017-08-29 00:00:00,2023-12-31 00:00:00,S
IR,2000-01-03 00:00:00,2023-12-31 00:00:00,S
IRM,2009-01-06 00:00:00,2023-12-31 00:00:00,S
ISRG,2008-06-02 00:00:00,2023-12-31 00:00:00,S
IT,2017-04-05 00:00:00,2023-12-31 00:00:00,S
ITT,2000-01-03 00:00:00,2011-10-31 00:00:00,S
ITW,2000-01-03 00:00:00,2023-12-31 00:00:00,S
IVZ,2008-08-21 00:00:00,2023-12-31 00:00:00,S
J,2019-12-10 00:00:00,2023-12-31 00:00:00,S
JAVA,2000-01-03 00:00:00,2010-01-21 00:00:00,S
JBHT,2015-07-01 00:00:00,2023-12-31 00:00:00,S
JBL,2001-01-30 00:00:00,2023-12-31 00:00:00,S
JCI,2000-01-03 00:00:00,2023-12-31 00:00:00,S
JCP,2000-01-03 00:00:00,2013-11-27 00:00:00,S
JEC,2007-10-26 00:00:00,2019-12-09 00:00:00,S
JEF,2007-08-27 00:00:00,2019-09-23 00:00:00,S
JHF,2001-06-29 00:00:00,2004-04-28 00:00:00,S
JKHY,2018-11-13 00:00:00,2023-12-31 00:00:00,S
JNJ,2000-01-03 00:00:00,2023-12-31 00:00:00,S
JNPR,2006-06-02 00:00:00,2023-12-31 00:00:00,S
JNS,2000-07-13 00:00:00,2011-11-18 00:00:00,S
JNY,2001-12-17 00:00:00,2009-03-02 00:00:00,S
JOS,2000-01-03 00:00:00,2000-05-09 00:00:00,S
JOY,2011-02-28 00:00:00,2015-10-05 00:00:00,S
JP,2000-01-03 00:00:00,2006-03-30 00:00:00,S
JPM,2000-01-03 00:00:00,2023-12-31 00:00:00,S
JWN,2000-01-03 00:00:00,2020-05-22 00:00:00,S
K,2000-01-03 00:00:00,2023-12-31 00:00:00,S
KATE,2000-01-03 00:00:00,2008-11-28 00:00:00,S
KBH,2000-01-03 00:00:00,2009-12-17 00:00:00,S
KDP,2008-10-07 00:00:00,2023-12-31 00:00:00,S
KEY,2000-01-03 00:00:00,2023-12-31 00:00:00,S
KEYS,2018-11-06 00:00:00,2023-12-31 00:00:00,S
KG,2000-10-03 00:00:00,2010-12-17 00:00:00,S
KHC,2015-07-06 00:00:00,2023-12-31 00:00:00,S
KIM,2006-04-03 00:00:00,2023-12-31 00:00:00,S
KLAC,2000-01-03 00:00:00,2023-12-31 00:00:00,S
KM,2000-01-03 00:00:00,2002-01-15 00:00:00,S
KMB,2000-01-03 00:00:00,2023-12-31 00:00:00,S
KMG,2000-01-03 00:00:00,2006-08-10 00:00:00,S
KMI,2000-12-12 00:00:00,2023-12-31 00:00:00,S
KMX,2010-06-28 00:00:00,2023-12-31 00:00:00,S
KO,2000-01-03 00:00:00,2023-12-31 00:00:00,S
KORS,2013-11-13 00:00:00,2018-09-18 00:00:00,S
KR,2000-01-03 00:00:00,2023-12-31 00:00:00,S
KRB,2000-01-03 00:00:00,2005-12-29 00:00:00,S
KRFT,2012-10-02 00:00:00,2015-07-02 00:00:00,S
KRI,2000-01-03 00:00:00,2006-06-20 00:00:00,S
KSE,2000-08-21 00:00:00,2007-08-24 00:00:00,S
KSS,2000-01-03 00:00:00,2020-09-18 00:00:00,S
KSU,2000-01-03 00:00:00,2021-10-04 00:00:00,S
KVUE,2023-08-25 00:00:00,2023-12-31 00:00:00,S
L,2000-01-03 00:00:00,2023-12-31 00:00:00,S
LB,2000-01-03 00:00:00,2021-07-21 00:00:00,S
LDG,2000-01-03 00:00:00,2001-06-29 00:00:00,S
LDOS,2009-12-21 00:00:00,2023-12-31 00:00:00,S
LEG,2000-01-03 00:00:00,2021-12-14 00:00:00,S
LEHMQ,2000-01-03 00:00:00,2008-09-16 00:00:00,S
LEN,2005-10-04 00:00:00,2023-12-31 00:00:00,S
LH,2004-11-01 00:00:00,2023-12-31 00:00:00,S
LHX,2019-06-01 00:00:00,2023-12-31 00:00:00,S
LIFE,2008-11-24 00:00:00,2014-01-22 00:00:00,S
LIN,2018-11-06 00:00:00,2023-12-31 00:00:00,S
LKQ,2016-05-23 00:00:00,2023-12-31 00:00:00,S
LLL,2004-12-01 00:00:00,2019-06-07 00:00:00,S
LLTC,2000-04-03 00:00:00,2017-03-10 00:00:00,S
LLY,2000-01-03 00:00:00,2023-12-31 00:00:00,S
LM,2006-04-24 00:00:00,2016-11-29 00:00:00,S
LMT,2000-01-03 00:00:00,2023-12-31 00:00:00,S
LNC,2000-01-03 00:00:00,2023-08-30 00:00:00,S
LNT,2016-07-01 00:00:00,2023-12-31 00:00:00,S
LO,2008-06-11 00:00:00,2015-06-11 00:00:00,S
LOW,2000-01-03 00:00:00,2023-12-31 00:00:00,S
LPX,2000-01-03 00:00:00,2006-11-07 00:00:00,S
LRCX,2012-06-05 00:00:00,2023-12-31 00:00:00,S
LSI,2000-01-03 00:00:00,2014-05-06 00:00:00,S
LU,2000-01-03 00:00:00,2006-11-22 00:00:00,S
LULU,2023-10-18 00:00:00,2023-12-31 00:00:00,S
LUMN,2020-09-18 00:00:00,2023-03-15 00:00:00,S
LUV,2000-01-03 00:00:00,2023-12-31 00:00:00,S
LVLT,2014-11-05 00:00:00,2017-10-10 00:00:00,S
LVS,2019-10-03 00:00:00,2023-12-31 00:00:00,S
LW,2018-12-03 00:00:00,2023-12-31 00:00:00,S
LXK,2000-01-03 00:00:00,2012-09-25 00:00:00,S
LYB,2012-09-05 00:00:00,2023-12-31 00:00:00,S
LYV,2019-12-23 00:00:00,2023-12-31 00:00:00,S
M,2000-01-03 00:00:00,2020-04-03 00:00:00,S
MA,2008-07-18 00:00:00,2023-12-31 00:00:00,S
MAA,2016-12-02 00:00:00,2023-12-31 00:00:00,S
MAC,2013-05-09 00:00:00,2019-12-10 00:00:00,S
MAR,2000-01-03 00:00:00,2023-12-31 00:00:00,S
MAS,2000-01-03 00:00:00,2023-12-31 00:00:00,S
MAT,2000-01-03 00:00:00,2019-06-03 00:00:00,S
MAY,2000-01-03 00:00:00,2005-08-22 00:00:00,S
MBI,2000-01-03 00:00:00,2009-12-17 00:00:00,S
MCD,2000-01-03 00:00:00,2023-12-31 00:00:00,S
MCHP,2007-09-07 00:00:00,2023-12-31 00:00:00,S
MCK,2000-01-03 00:00:00,2023-12-31 00:00:00,S
MCO,2000-01-03 00:00:00,2023-12-31 00:00:00,S
MDLZ,2007-04-02 00:00:00,2023-12-31 00:00:00,S
MDP,2000-01-03 00:00:00,2010-12-31 00:00:00,S
MDR,2000-01-03 00:00:00,2003-08-18 00:00:00,S
MDT,2000-01-03 00:00:00,2023-12-31 00:00:00,S
MEA,2000-01-03 00:00:00,2002-01-28 00:00:00,S
MEDI,2000-06-16 00:00:00,2007-05-31 00:00:00,S
MEE,2000-01-03 00:00:00,2011-05-23 00:00:00,S
MEL,2000-01-03 00:00:00,2007-06-26 00:00:00,S
MER,2000-01-03 00:00:00,2008-12-29 00:00:00,S
MERQ,2000-06-29 00:00:00,2006-01-03 00:00:00,S
MET,2000-12-11 00:00:00,2023-12-31 00:00:00,S
META,2022-06-09 00:00:00,2023-12-31 00:00:00,S
MFE,2008-12-23 00:00:00,2011-02-28 00:00:00,S
MGM,2017-07-26 00:00:00,2023-12-31 00:00:00,S
MHK,2013-12-23 00:00:00,2023-12-31 00:00:00,S
MHS,2003-08-20 00:00:00,2012-03-22 00:00:00,S
MI,2002-02-11 00:00:00,2011-07-05 00:00:00,S
MIL,2000-01-03 00:00:00,2010-07-12 00:00:00,S
MIR,2000-01-03 00:00:00,2003-07-16 00:00:00,S
MJN,2009-12-21 00:00:00,2017-06-07 00:00:00,S
MKC,2003-03-21 00:00:00,2023-12-31 00:00:00,S
MKG,2000-01-03 00:00:00,2000-10-17 00:00:00,S
MKTX,2019-07-01 00:00:00,2023-12-31 00:00:00,S
MLM,2014-07-02 00:00:00,2023-12-31 00:00:00,S
MMC,2000-01-03 00:00:00,2023-12-31 00:00:00,S
MMI,2011-01-04 00:00:00,2012-05-15 00:00:00,S
MMM,2000-01-03 00:00:00,2023-12-31 00:00:00,S
MNK,2014-08-19 00:00:00,2017-07-25 00:00:00,S
MNST,2012-06-29 00:00:00,2023-12-31 00:00:00,S
MO,2000-01-03 00:00:00,2023-12-31 00:00:00,S
MOH,2022-03-02 00:00:00,2023-12-31 00:00:00,S
MOLX,2000-01-03 00:00:00,2013-12-03 00:00:00,S
MON,2002-08-14 00:00:00,2018-06-06 00:00:00,S
MOS,2011-09-26 00:00:00,2023-12-31 00:00:00,S
MPC,2011-07-01 00:00:00,2023-12-31 00:00:00,S
MPWR,2021-02-12 00:00:00,2023-12-31 00:00:00,S
MRK,2000-01-03 00:00:00,2023-12-31 00:00:00,S
MRNA,2021-07-21 00:00:00,2023-12-31 00:00:00,S
MRO,2000-01-03 00:00:00,2023-12-31 00:00:00,S
MS,2000-01-03 00:00:00,2023-12-31 00:00:00,S
MSCI,2018-04-04 00:00:00,2023-12-31 00:00:00,S
MSFT,2000-01-03 00:00:00,2023-12-31 00:00:00,S
MSI,2000-01-03 00:00:00,2023-12-31 00:00:00,S
MTB,2004-02-27 00:00:00,2023-12-31 00:00:00,S
MTCH,2021-09-20 00:00:00,2023-12-31 00:00:00,S
MTD,2016-09-06 00:00:00,2023-12-31 00:00:00,S
MTG,2000-01-03 00:00:00,2008-10-28 00:00:00,S
MTLQQ,2000-01-03 00:00:00,2009-05-29 00:00:00,S
MTW,2007-11-16 00:00:00,2009-08-31 00:00:00,S
MU,2000-01-03 00:00:00,2023-12-31 00:00:00,S
MUR,2005-08-15 00:00:00,2017-07-25 00:00:00,S
MWV,2000-01-03 00:00:00,2015-07-01 00:00:00,S
MWW,2001-06-04 00:00:00,2011-12-14 00:00:00,S
MXIM,2000-05-10 00:00:00,2021-08-03 00:00:00,S
MYG,2000-01-03 00:00:00,2006-03-30 00:00:00,S
MYL,2004-04-23 00:00:00,2020-10-12 00:00:00,S
MZIAQ,2000-01-03 00:00:00,2000-06-27 00:00:00,S
NAV,2000-01-03 00:00:00,2006-12-11 00:00:00,S
NAVI,2014-05-01 00:00:00,2018-06-01 00:00:00,S
NBL,2007-10-08 00:00:00,2020-10-07 00:00:00,S
NBR,2000-10-18 00:00:00,2015-03-19 00:00:00,S
NC,2000-01-03 00:00:00,2000-06-02 00:00:00,S
NCC,2000-01-03 00:00:00,2008-12-29 00:00:00,S
NCE,2000-01-03 00:00:00,2000-08-17 00:00:00,S
NCLH,2017-10-13 00:00:00,2023-12-31 00:00:00,S
NCR,2000-01-04 00:00:00,2007-09-28 00:00:00,S
NDAQ,2008-10-22 00:00:00,2023-12-31 00:00:00,S
NDSN,2022-02-15 00:00:00,2023-12-31 00:00:00,S
NE,2001-01-16 00:00:00,2015-07-15 00:00:00,S
NEE,2000-01-03 00:00:00,2023-12-31 00:00:00,S
NEM,2000-01-03 00:00:00,2023-12-31 00:00:00,S
NFB,2002-07-17 00:00:00,2006-11-22 00:00:00,S
NFLX,2010-12-20 00:00:00,2023-12-31 00:00:00,S
NFX,2010-12-20 00:00:00,2019-01-18 00:00:00,S
NGH,2000-01-03 00:00:00,2000-12-11 00:00:00,S
NI,2000-11-02 00:00:00,2023-12-31 00:00:00,S
NKE,2000-01-03 00:00:00,2023-12-31 00:00:00,S
NKTR,2018-03-19 00:00:00,2019-09-26 00:00:00,S
NLOK,2019-11-05 00:00:00,2022-11-01 00:00:00,S
NLSN,2013-07-09 00:00:00,2022-10-03 00:00:00,S
NLV,2000-01-03 00:00:00,2000-01-05 00:00:00,S
NMK,2000-01-03 00:00:00,2002-01-31 00:00:00,S
NOC,2000-01-03 00:00:00,2023-12-31 00:00:00,S
NOV,2005-03-14 00:00:00,2021-08-30 00:00:00,S
NOVL,2000-01-03 00:00:00,2011-04-25 00:00:00,S
NOW,2019-11-21 00:00:00,2023-12-31 00:00:00,S
NRG,2010-01-29 00:00:00,2023-12-31 00:00:00,S
NRTLQ,2000-01-03 00:00:00,2002-07-18 00:00:00,S
NSC,2000-01-03 00:00:00,2023-12-31 00:00:00,S
NSI,2000-01-03 00:00:00,2001-11-30 00:00:00,S
NSM,2000-01-03 00:00:00,2011-09-21 00:00:00,S
NTAP,2000-01-03 00:00:00,2023-12-31 00:00:00,S
NTRS,2000-01-03 00:00:00,2023-12-31 00:00:00,S
NUE,2000-01-03 00:00:00,2023-12-31 00:00:00,S
NVDA,2001-11-30 00:00:00,2023-12-31 00:00:00,S
NVLS,2000-06-19 00:00:00,2012-06-04 00:00:00,S
NVR,2019-09-26 00:00:00,2023-12-31 00:00:00,S
NWL,2000-01-03 00:00:00,2023-08-30 00:00:00,S
NWS,2015-09-21 00:00:00,2023-12-31 00:00:00,S
NWSA,2013-07-01 00:00:00,2023-12-31 00:00:00,S
NXPI,2021-03-22 00:00:00,2023-12-31 00:00:00,S
NXTL,2000-01-03 00:00:00,2005-08-12 00:00:00,S
NYT,2000-01-03 00:00:00,2010-12-17 00:00:00,S
NYX,2007-10-25 00:00:00,2013-11-07 00:00:00,S
O,2015-04-07 00:00:00,2023-12-31 00:00:00,S
OAT,2000-01-03 00:00:00,2001-07-31 00:00:00,S
ODFL,2019-12-09 00:00:00,2023-12-31 00:00:00,S
ODP,2000-01-03 00:00:00,2010-12-17 00:00:00,S
OGN,2021-06-04 00:00:00,2023-10-02 00:00:00,S
OI,2000-01-03 00:00:00,2016-11-29 00:00:00,S
OK,2000-01-03 00:00:00,2001-03-30 00:00:00,S
OKE,2000-01-03 00:00:00,2023-12-31 00:00:00,S
OMC,2000-01-03 00:00:00,2023-12-31 00:00:00,S
OMX,2000-01-03 00:00:00,2008-06-18 00:00:00,S
ON,2022-06-21 00:00:00,2023-12-31 00:00:00,S
ONE,2000-01-03 00:00:00,2004-06-28 00:00:00,S
ORCL,2000-01-03 00:00:00,2023-12-31 00:00:00,S
ORLY,2009-03-27 00:00:00,2023-12-31 00:00:00,S
OTIS,2020-04-03 00:00:00,2023-12-31 00:00:00,S
OWENQ,2000-01-03 00:00:00,2000-09-27 00:00:00,S
OXY,2000-01-03 00:00:00,2023-12-31 00:00:00,S
PALM,2000-07-28 00:00:00,2002-08-09 00:00:00,S
PANW,2023-06-20 00:00:00,2023-12-31 00:00:00,S
PARA,2022-02-17 00:00:00,2023-12-31 00:00:00,S
PAYC,2020-01-28 00:00:00,2023-12-31 00:00:00,S
PAYX,2000-01-03 00:00:00,2023-12-31 00:00:00,S
PBCT,2008-11-13 00:00:00,2022-03-02 00:00:00,S
PBG,2001-05-14 00:00:00,2010-02-26 00:00:00,S
PBI,2000-01-03 00:00:00,2017-02-28 00:00:00,S
PBY,2000-01-03 00:00:00,2000-03-29 00:00:00,S
PCAR,2000-01-03 00:00:00,2023-12-31 00:00:00,S
PCG,2000-01-03 00:00:00,2023-12-31 00:00:00,S
PCH,2000-01-03 00:00:00,2001-07-03 00:00:00,S
PCL,2002-01-17 00:00:00,2016-02-16 00:00:00,S
PCP,2007-06-01 00:00:00,2016-01-26 00:00:00,S
PCS,2000-01-03 00:00:00,2004-04-19 00:00:00,S
PD,2000-01-03 00:00:00,2007-03-16 00:00:00,S
PDCO,2005-10-11 00:00:00,2018-03-16 00:00:00,S
PDG,2000-01-03 00:00:00,2002-07-18 00:00:00,S
PEAK,2019-11-05 00:00:00,2023-12-31 00:00:00,S
PEG,2000-01-03 00:00:00,2023-12-31 00:00:00,S
PENN,2021-03-22 00:00:00,2022-06-28 00:00:00,S
PEP,2000-01-03 00:00:00,2023-12-31 00:00:00,S
PETM,2012-10-05 00:00:00,2015-03-11 00:00:00,S
PFE,2000-01-03 00:00:00,2023-12-31 00:00:00,S
PFG,2002-07-22 00:00:00,2023-12-31 00:00:00,S
PG,2000-01-03 00:00:00,2023-12-31 00:00:00,S
PGL,2000-01-03 00:00:00,2007-02-16 00:00:00,S
PGN,2000-01-03 00:00:00,2012-06-29 00:00:00,S
PGR,2000-01-03 00:00:00,2023-12-31 00:00:00,S
PH,2000-01-03 00:00:00,2023-12-31 00:00:00,S
PHA,2000-01-03 00:00:00,2003-04-07 00:00:00,S
PHM,2000-01-03 00:00:00,2023-12-31 00:00:00,S
PKG,2017-07-26 00:00:00,2023-12-31 00:00:00,S
PKI,2000-01-03 00:00:00,2023-05-04 00:00:00,S
PLD,2003-07-17 00:00:00,2023-12-31 00:00:00,S
PLL,2000-01-03 00:00:00,2015-08-25 00:00:00,S
PM,2008-03-31 00:00:00,2023-12-31 00:00:00,S
PMCS,2001-08-03 00:00:00,2007-06-26 00:00:00,S
PNC,2000-01-03 00:00:00,2023-12-31 00:00:00,S
PNR,2012-10-01 00:00:00,2023-12-31 00:00:00,S
PNU,2000-01-03 00:00:00,2000-03-29 00:00:00,S
PNW,2000-01-03 00:00:00,2023-12-31 00:00:00,S
PODD,2023-03-15 00:00:00,2023-12-31 00:00:00,S
POM,2007-11-09 00:00:00,2016-03-18 00:00:00,S
POOL,2020-10-07 00:00:00,2023-12-31 00:00:00,S
PPG,2000-01-03 00:00:00,2023-12-31 00:00:00,S
PPL,2000-01-03 00:00:00,2023-12-31 00:00:00,S
PRD,2000-01-03 00:00:00,2000-12-11 00:00:00,S
PRGO,2011-12-19 00:00:00,2021-08-30 00:00:00,S
PRU,2002-07-22 00:00:00,2023-12-31 00:00:00,S
PSA,2005-08-19 00:00:00,2023-12-31 00:00:00,S
PSFT,2000-01-03 00:00:00,2004-12-27 00:00:00,S
PSX,2012-05-01 00:00:00,2023-12-31 00:00:00,S
PTC,2000-01-03 00:00:00,2023-12-31 00:00:00,S
PTV,2000-01-03 00:00:00,2010-11-08 00:00:00,S
PVH,2013-02-14 00:00:00,2022-06-28 00:00:00,S
PVN,2000-01-03 00:00:00,2005-09-28 00:00:00,S
PWER,2000-10-23 00:00:00,2005-03-09 00:00:00,S
PWJ,2000-01-03 00:00:00,2000-11-03 00:00:00,S
PWR,2009-07-01 00:00:00,2023-12-31 00:00:00,S
PX,2000-01-03 00:00:00,2018-10-25 00:00:00,S
PXD,2008-09-24 00:00:00,2023-12-31 00:00:00,S
PYPL,2015-07-20 00:00:00,2023-12-31 00:00:00,S
Q,2000-07-06 00:00:00,2011-03-23 00:00:00,S
QCOM,2000-01-03 00:00:00,2023-12-31 00:00:00,S
QEP,2010-07-01 00:00:00,2015-06-30 00:00:00,S
QLGC,2000-12-12 00:00:00,2011-01-12 00:00:00,S
QRVO,2015-06-12 00:00:00,2023-12-31 00:00:00,S
QTRN,2000-01-03 00:00:00,2003-09-16 00:00:00,S
R,2000-01-03 00:00:00,2017-06-16 00:00:00,S
RAD,2000-01-03 00:00:00,2000-07-19 00:00:00,S
RAI,2002-09-04 00:00:00,2017-07-20 00:00:00,S
RAL,2000-01-03 00:00:00,2001-12-06 00:00:00,S
RATL,2002-02-01 00:00:00,2003-02-18 00:00:00,S
RBK,2000-01-03 00:00:00,2006-01-30 00:00:00,S
RCL,2014-12-05 00:00:00,2023-12-31 00:00:00,S
RDC,2000-01-03 00:00:00,2014-08-13 00:00:00,S
RDS.A,2000-01-03 00:00:00,2002-07-18 00:00:00,S
RE,2017-06-19 00:00:00,2023-06-07 00:00:00,S
REG,2017-03-02 00:00:00,2023-12-31 00:00:00,S
REGN,2013-05-01 00:00:00,2023-12-31 00:00:00,S
RF,2000-01-03 00:00:00,2023-12-31 00:00:00,S
RHI,2000-12-05 00:00:00,2023-12-31 00:00:00,S
RHT,2009-07-27 00:00:00,2019-07-01 00:00:00,S
RIG,2000-01-03 00:00:00,2017-07-25 00:00:00,S
RJF,2017-03-20 00:00:00,2023-12-31 00:00:00,S
RL,2007-02-02 00:00:00,2023-12-31 00:00:00,S
RLM,2000-01-03 00:00:00,2000-04-27 00:00:00,S
RMD,2017-07-26 00:00:00,2023-12-31 00:00:00,S
RML,2000-01-03 00:00:00,2000-12-11 00:00:00,S
ROH,2000-01-03 00:00:00,2009-04-01 00:00:00,S
ROK,2000-01-03 00:00:00,2023-12-31 00:00:00,S
ROL,2018-10-01 00:00:00,2023-12-31 00:00:00,S
ROP,2009-12-23 00:00:00,2023-12-31 00:00:00,S
ROST,2009-12-21 00:00:00,2023-12-31 00:00:00,S
RRC,2007-12-21 00:00:00,2018-06-15 00:00:00,S
RRD,2000-01-03 00:00:00,2012-12-07 00:00:00,S
RSG,2008-12-05 00:00:00,2023-12-31 00:00:00,S
RSHCQ,2000-01-03 00:00:00,2011-06-30 00:00:00,S
RTN,2000-01-03 00:00:00,2020-04-03 00:00:00,S
RTX,2020-04-03 00:00:00,2023-12-31 00:00:00,S
RVTY,2023-05-16 00:00:00,2023-12-31 00:00:00,S
RX,2000-01-03 00:00:00,2010-02-23 00:00:00,S
S,2000-01-03 00:00:00,2013-07-02 00:00:00,S
SAF,2000-01-03 00:00:00,2008-09-22 00:00:00,S
SANM,2000-06-21 00:00:00,2007-06-26 00:00:00,S
SAPE,2000-05-05 00:00:00,2002-05-10 00:00:00,S
SBAC,2017-09-01 00:00:00,2023-12-31 00:00:00,S
SBL,2000-12-11 00:00:00,2007-01-05 00:00:00,S
SBNY,2021-12-20 00:00:00,2023-01-04 00:00:00,S
SBUX,2000-06-08 00:00:00,2023-12-31 00:00:00,S
SCG,2009-01-02 00:00:00,2018-12-24 00:00:00,S
SCHW,2000-01-03 00:00:00,2023-12-31 00:00:00,S
SCI,2000-01-03 00:00:00,2000-03-15 00:00:00,S
SDS,2002-07-22 00:00:00,2005-08-11 00:00:00,S
SE,2007-01-03 00:00:00,2017-02-24 00:00:00,S
SEBL,2000-05-05 00:00:00,2006-01-30 00:00:00,S
SEDG,2021-12-20 00:00:00,2023-10-02 00:00:00,S
SEE,2000-01-03 00:00:00,2023-10-02 00:00:00,S
SEG,2000-01-03 00:00:00,2000-11-20 00:00:00,S
SFA,2000-01-03 00:00:00,2006-02-17 00:00:00,S
SGID,2000-01-03 00:00:00,2000-06-20 00:00:00,S
SGP,2000-01-03 00:00:00,2009-10-29 00:00:00,S
SHLD,2005-03-28 00:00:00,2012-08-23 00:00:00,S
SHW,2000-01-03 00:00:00,2023-12-31 00:00:00,S
SIAL,2000-01-03 00:00:00,2015-11-17 00:00:00,S
SIG,2015-07-29 00:00:00,2018-03-16 00:00:00,S
SII,2006-10-02 00:00:00,2010-08-19 00:00:00,S
SIVB,2018-03-19 00:00:00,2023-01-04 00:00:00,S
SJM,2008-11-06 00:00:00,2023-12-31 00:00:00,S
SLB,2000-01-03 00:00:00,2023-12-31 00:00:00,S
SLG,2015-03-23 00:00:00,2021-02-12 00:00:00,S
SLM,2000-01-03 00:00:00,2014-04-22 00:00:00,S
SLR,2000-01-03 00:00:00,2007-10-01 00:00:00,S
SMI,2000-01-03 00:00:00,2000-12-11 00:00:00,S
SMS,2000-01-03 00:00:00,2000-06-07 00:00:00,S
SNA,2000-01-03 00:00:00,2023-12-31 00:00:00,S
SNDK,2006-04-20 00:00:00,2016-05-11 00:00:00,S
SNI,2008-07-01 00:00:00,2018-02-28 00:00:00,S
SNPS,2017-03-16 00:00:00,2023-12-31 00:00:00,S
SNV,2000-01-03 00:00:00,2007-12-31 00:00:00,S
SO,2000-01-03 00:00:00,2023-12-31 00:00:00,S
SOTR,2000-01-03 00:00:00,2004-10-28 00:00:00,S
SOV,2004-07-01 00:00:00,2009-01-28 00:00:00,S
SPG,2002-06-26 00:00:00,2023-12-31 00:00:00,S
SPGI,2000-01-03 00:00:00,2023-12-31 00:00:00,S
SPLS,2000-01-03 00:00:00,2017-09-12 00:00:00,S
SRCL,2008-11-19 00:00:00,2018-11-29 00:00:00,S
SRE,2000-01-03 00:00:00,2023-12-31 00:00:00,S
SSP,2005-12-20 00:00:00,2008-06-30 00:00:00,S
STE,2019-12-23 00:00:00,2023-12-31 00:00:00,S
STI,2000-01-03 00:00:00,2019-12-05 00:00:00,S
STJ,2000-01-03 00:00:00,2017-01-03 00:00:00,S
STLD,2022-12-22 00:00:00,2023-12-31 00:00:00,S
STR,2006-12-01 00:00:00,2010-06-29 00:00:00,S
STT,2000-01-03 00:00:00,2023-12-31 00:00:00,S
STX,2012-07-02 00:00:00,2023-12-31 00:00:00,S
STZ,2005-07-05 00:00:00,2023-12-31 00:00:00,S
SUB,2000-01-03 00:00:00,2001-02-27 00:00:00,S
SUN,2000-01-03 00:00:00,2012-10-04 00:00:00,S
SUNEQ,2007-05-31 00:00:00,2011-12-14 00:00:00,S
SVU,2000-01-03 00:00:00,2012-04-30 00:00:00,S
SWK,2000-01-03 00:00:00,2023-12-31 00:00:00,S
SWKS,2015-03-12 00:00:00,2023-12-31 00:00:00,S
SWN,2008-06-06 00:00:00,2017-03-30 00:00:00,S
SWY,2000-01-03 00:00:00,2015-01-15 00:00:00,S
SXCL,2000-01-03 00:00:00,2001-05-10 00:00:00,S
SYF,2015-11-18 00:00:00,2023-12-31 00:00:00,S
SYK,2000-12-12 00:00:00,2023-12-31 00:00:00,S
SYMC,2003-03-31 00:00:00,2019-10-18 00:00:00,S
SYY,2000-01-03 00:00:00,2023-12-31 00:00:00,S
T,2000-01-03 00:00:00,2023-12-31 00:00:00,S
TAP,2000-01-03 00:00:00,2023-12-31 00:00:00,S
TDC,2007-10-01 00:00:00,2017-06-16 00:00:00,S
TDG,2016-06-03 00:00:00,2023-12-31 00:00:00,S
TDY,2020-06-22 00:00:00,2023-12-31 00:00:00,S
TE,2001-10-10 00:00:00,2016-06-27 00:00:00,S
TECH,2021-08-30 00:00:00,2023-12-31 00:00:00,S
TEG,2007-02-22 00:00:00,2015-06-24 00:00:00,S
TEK,2000-01-03 00:00:00,2007-11-13 00:00:00,S
TEL,2007-07-02 00:00:00,2023-12-31 00:00:00,S
TER,2000-01-03 00:00:00,2023-12-31 00:00:00,S
TEX,2006-12-20 00:00:00,2008-11-05 00:00:00,S
TFC,2019-12-09 00:00:00,2023-12-31 00:00:00,S
TFX,2019-01-18 00:00:00,2023-12-31 00:00:00,S
TGNA,2000-01-03 00:00:00,2017-05-23 00:00:00,S
TGT,2000-01-03 00:00:00,2023-12-31 00:00:00,S
THC,2000-01-03 00:00:00,2016-04-15 00:00:00,S
TIE,2007-10-29 00:00:00,2012-12-21 00:00:00,S
TIF,2000-06-21 00:00:00,2020-12-21 00:00:00,S
TIN,2000-01-03 00:00:00,2007-12-27 00:00:00,S
TJX,2000-01-03 00:00:00,2023-12-31 00:00:00,S
TKR,2000-01-03 00:00:00,2001-08-06 00:00:00,S
TLAB,2000-01-03 00:00:00,2011-12-20 00:00:00,S
TMC,2000-01-03 00:00:00,2000-06-09 00:00:00,S
TMC.A,2000-01-03 00:00:00,2000-06-09 00:00:00,S
TMK,2000-01-03 00:00:00,2019-07-15 00:00:00,S
TMO,2000-01-03 00:00:00,2023-12-31 00:00:00,S
TMUS,2009-06-30 00:00:00,2023-12-31 00:00:00,S
TNB,2000-01-03 00:00:00,2004-07-29 00:00:00,S
TOS,2000-01-03 00:00:00,2001-09-10 00:00:00,S
TOY,2000-01-03 00:00:00,2005-07-21 00:00:00,S
TPR,2004-09-01 00:00:00,2023-12-31 00:00:00,S
TRB,2000-01-03 00:00:00,2007-12-17 00:00:00,S
TRGP,2022-10-12 00:00:00,2023-12-31 00:00:00,S
TRIP,2011-12-21 00:00:00,2019-12-10 00:00:00,S
TRMB,2021-01-21 00:00:00,2023-12-31 00:00:00,S
TROW,2000-01-03 00:00:00,2023-12-31 00:00:00,S
TRV,2000-01-03 00:00:00,2023-12-31 00:00:00,S
TRW,2000-01-03 00:00:00,2002-12-09 00:00:00,S
TSCO,2014-01-24 00:00:00,2023-12-31 00:00:00,S
TSG,2000-03-16 00:00:00,2007-03-30 00:00:00,S
TSLA,2020-12-21 00:00:00,2023-12-31 00:00:00,S
TSN,2005-08-11 00:00:00,2023-12-31 00:00:00,S
TSS,2008-01-02 00:00:00,2019-08-09 00:00:00,S
TT,2002-05-13 00:00:00,2023-12-31 00:00:00,S
TTWO,2018-03-19 00:00:00,2023-12-31 00:00:00,S
TUP,2000-01-03 00:00:00,2004-03-17 00:00:00,S
TWC,2009-03-30 00:00:00,2016-05-17 00:00:00,S
TWTR,2018-06-07 00:00:00,2022-10-12 00:00:00,S
TWX,2000-01-03 00:00:00,2018-06-14 00:00:00,S
TX,2000-01-03 00:00:00,2001-10-04 00:00:00,S
TXN,2000-01-03 00:00:00,2023-12-31 00:00:00,S
TXT,2000-01-03 00:00:00,2023-12-31 00:00:00,S
TXU,2000-01-03 00:00:00,2007-10-09 00:00:00,S
TYL,2020-06-22 00:00:00,2023-12-31 00:00:00,S
UA,2016-04-08 00:00:00,2022-06-21 00:00:00,S
UAA,2014-05-01 00:00:00,2022-06-21 00:00:00,S
UAL,2015-09-03 00:00:00,2023-12-31 00:00:00,S
UAWGQ,2000-01-03 00:00:00,2002-05-14 00:00:00,S
UBER,2023-10-18 00:00:00,2023-12-31 00:00:00,S
UCL,2000-01-03 00:00:00,2005-08-10 00:00:00,S
UCM,2000-01-03 00:00:00,2000-10-19 00:00:00,S
UDR,2016-03-07 00:00:00,2023-12-31 00:00:00,S
UHS,2014-09-22 00:00:00,2023-12-31 00:00:00,S
UIS,2000-01-03 00:00:00,2008-11-07 00:00:00,S
UK,2000-01-03 00:00:00,2001-01-31 00:00:00,S
ULTA,2016-04-18 00:00:00,2023-12-31 00:00:00,S
UMG,2000-01-03 00:00:00,2000-06-13 00:00:00,S
UN,2000-01-03 00:00:00,2002-07-18 00:00:00,S
UNH,2000-01-03 00:00:00,2023-12-31 00:00:00,S
UNM,2000-01-03 00:00:00,2021-08-30 00:00:00,S
UNP,2000-01-03 00:00:00,2023-12-31 00:00:00,S
UPC,2000-01-03 00:00:00,2004-06-28 00:00:00,S
UPR,2000-01-03 00:00:00,2000-07-14 00:00:00,S
UPS,2002-07-22 00:00:00,2023-12-31 00:00:00,S
URBN,2010-02-08 00:00:00,2017-03-17 00:00:00,S
URI,2014-09-22 00:00:00,2023-12-31 00:00:00,S
USB,2000-01-03 00:00:00,2023-12-31 00:00:00,S
UST,2000-01-03 00:00:00,2009-01-05 00:00:00,S
USW,2000-01-03 00:00:00,2000-06-29 00:00:00,S
UTX,2000-01-03 00:00:00,2020-03-03 00:00:00,S
UVN,2001-02-07 00:00:00,2007-03-28 00:00:00,S
V,2009-12-21 00:00:00,2023-12-31 00:00:00,S
VAR,2007-02-12 00:00:00,2021-03-22 00:00:00,S
VFC,2000-01-03 00:00:00,2023-12-31 00:00:00,S
VIAB,2006-01-03 00:00:00,2019-11-21 00:00:00,S
VIAC,2019-12-05 00:00:00,2022-02-15 00:00:00,S
VIAV,2000-07-27 00:00:00,2013-12-18 00:00:00,S
VICI,2022-06-08 00:00:00,2023-12-31 00:00:00,S
VLO,2004-04-29 00:00:00,2023-12-31 00:00:00,S
VLTO,2023-10-02 00:00:00,2023-12-31 00:00:00,S
VMC,2000-01-03 00:00:00,2023-12-31 00:00:00,S
VNO,2005-08-12 00:00:00,2022-12-22 00:00:00,S
VNT,2020-10-12 00:00:00,2021-02-12 00:00:00,S
VO,2000-01-03 00:00:00,2000-12-08 00:00:00,S
VRSK,2015-10-08 00:00:00,2023-12-31 00:00:00,S
VRSN,2006-02-01 00:00:00,2023-12-31 00:00:00,S
VRTS,2000-04-03 00:00:00,2005-06-30 00:00:00,S
VRTX,2013-09-23 00:00:00,2023-12-31 00:00:00,S
VSTNQ,2000-06-29 00:00:00,2005-12-29 00:00:00,S
VTR,2009-03-04 00:00:00,2023-12-31 00:00:00,S
VTRS,2020-11-17 00:00:00,2023-12-31 00:00:00,S
VTSS,2000-12-12 00:00:00,2002-08-19 00:00:00,S
VZ,2000-01-03 00:00:00,2023-12-31 00:00:00,S
WAB,2019-02-27 00:00:00,2023-12-31 00:00:00,S
WAMUQ,2000-01-03 00:00:00,2008-09-26 00:00:00,S
WAT,2002-01-02 00:00:00,2023-12-31 00:00:00,S
WB,2000-01-03 00:00:00,2008-12-29 00:00:00,S
WBA,2000-01-03 00:00:00,2023-12-31 00:00:00,S
WBD,2022-04-11 00:00:00,2023-12-31 00:00:00,S
WCG,2018-09-17 00:00:00,2019-12-23 00:00:00,S
WCOEQ,2000-01-03 00:00:00,2002-05-14 00:00:00,S
WDC,2009-07-01 00:00:00,2023-12-31 00:00:00,S
WEC,2008-10-31 00:00:00,2023-12-31 00:00:00,S
WELL,2009-01-30 00:00:00,2023-12-31 00:00:00,S
WEN,2000-01-03 00:00:00,2008-09-26 00:00:00,S
WFC,2000-01-03 00:00:00,2023-12-31 00:00:00,S
WFM,2006-01-03 00:00:00,2017-08-17 00:00:00,S
WFT,2005-07-22 00:00:00,2009-02-25 00:00:00,S
WHR,2000-01-03 00:00:00,2023-12-31 00:00:00,S
WIN,2006-07-18 00:00:00,2015-03-31 00:00:00,S
WLA,2000-01-03 00:00:00,2000-06-19 00:00:00,S
WLL,2000-01-03 00:00:00,2002-02-07 00:00:00,S
WLP,2000-01-03 00:00:00,2004-11-26 00:00:00,S
WLTW,2016-01-05 00:00:00,2021-12-20 00:00:00,S
WM,2000-01-03 00:00:00,2023-12-31 00:00:00,S
WMB,2000-01-03 00:00:00,2023-12-31 00:00:00,S
WMT,2000-01-03 00:00:00,2023-12-31 00:00:00,S
WNDXQ,2000-01-03 00:00:00,2004-12-02 00:00:00,S
WOR,2000-01-03 00:00:00,2004-12-16 00:00:00,S
WPX,2012-01-03 00:00:00,2014-03-12 00:00:00,S
WRB,2019-12-05 00:00:00,2023-12-31 00:00:00,S
WRK,2015-07-02 00:00:00,2023-12-31 00:00:00,S
WST,2020-05-22 00:00:00,2023-12-31 00:00:00,S
WTW,2022-01-20 00:00:00,2023-12-31 00:00:00,S
WU,2006-10-02 00:00:00,2021-12-14 00:00:00,S
WWY,2000-01-03 00:00:00,2008-10-06 00:00:00,S
WY,2000-01-03 00:00:00,2023-12-31 00:00:00,S
WYE,2000-01-03 00:00:00,2009-10-15 00:00:00,S
WYND,2006-08-01 00:00:00,2018-05-24 00:00:00,S
WYNN,2008-11-14 00:00:00,2023-12-31 00:00:00,S
X,2000-01-03 00:00:00,2014-07-01 00:00:00,S
XEC,2014-06-20 00:00:00,2020-01-28 00:00:00,S
XEL,2000-01-03 00:00:00,2023-12-31 00:00:00,S
XL,2001-09-04 00:00:00,2018-09-11 00:00:00,S
XLNX,2000-01-03 00:00:00,2022-02-02 00:00:00,S
XOM,2000-01-03 00:00:00,2023-12-31 00:00:00,S
XRAY,2008-11-14 00:00:00,2023-12-31 00:00:00,S
XRX,2000-01-03 00:00:00,2021-02-12 00:00:00,S
XTO,2004-12-29 00:00:00,2010-06-21 00:00:00,S
XYL,2011-11-01 00:00:00,2023-12-31 00:00:00,S
YNR,2000-01-06 00:00:00,2000-10-02 00:00:00,S
YUM,2000-01-03 00:00:00,2023-12-31 00:00:00,S
ZBH,2001-08-07 00:00:00,2023-12-31 00:00:00,S
ZBRA,2019-12-23 00:00:00,2023-12-31 00:00:00,S
ZION,2001-06-25 00:00:00,2023-12-31 00:00:00,S
ZTS,2013-06-24 00:00:00,2023-12-31 00:00:00,S
SPY,2000-01-03,2023-12-31,E
QQQ,2009-01-02,2023-12-31,E
IWM,2000-05-26,2023-12-31,E
GLD,2008-01-02,2023-12-31,E
VTI,2008-01-02,2023-12-31,E
BND,2008-01-02,2023-12-31,E
